"","text"
"1","my husband just told me he has a crush on someone he met at work he s worked from home since march"
"2","i work from home so that s all i do"
"3","i blame my brother s work he can t work from home and his building has crappy ventilation"
"4","about my son who since his dad died has stepped up in so many ways he was just here helping me with"
"5","valentine s day gifts for couples who work from home together"
"6","yeah i work from home"
"7","when i got home from work my mom asked if i heard what happened and i said yeah and then she mentioned"
"8","people applied to the state of hawaii s remote work program people applied to get a free trip to hawai i to wor"
"9","boris johnson   january truly we did everything we could    august cease all this working at home"
"10","this is so infuriating    the city spoke to a dozen people in all of those said they lived outside the five borou"
"11","thinking of all of the staff students and parents in schools that are home doing virtual schooling  it is challenging"
"12","most people would say tools are a poor substitute for in person collaboration and are therefore seen as a nece"
"13","not well he hasn t been inside a classroom for almost a year he goes to a day camp for distance lea"
"14",NA
"15","one interesting artifact of everyone working from home is the stark divide you see between those who find social me"
"16","i watched it again when i got home from work"
"17","this is complete insanity and based on scientific data and evidence i am a teacher and i m embarras"
"18","stop staring at the clock every day it s time for a new career follow us to view jobs with titles like lead prod"
"19","every time i come home early from work the first thing both of my parents say is oh my god did you get fired"
"20","hate when i get these bomb diy ideas then get home from work and it s dark and just not in the mood"
"21","tips for working at home with your little one"
"22","toe cheese the percentage of young adults and kids dying are lower yes however what happens wh"
"23","he bounces like he s been waiting at the door for a glimpse of you coming home from work"
"24","am meetings suck on a normal basis but during work from home lockdown they re just mean and i have one tomorrow"
"25","that s the problem when work from home ni"
"26","this is so infuriating    the city spoke to a dozen people in all of those said they lived outside the five b"
"27","i came home from work to find my wife bought me this"
"28","failing to reach an agreement with chicago public schools over reopening conditions this week the chicago teachers union h"
"29","hey yall so i m building up ig so i can work from home and i have my first paid post and it s a big deal to me lol so"
"30","does this job require you to work from home ask people ss name address birthdate phone number and t"
"31","discover the best remote jobs to work from home"
"32","walking home from the grocery store the female had several bags in each hand   she was walking"
"33","i hate that on days i don t work i make dinner for everyone so no one comes home from work hungry but on days that"
"34","they absolutely should not get the fuckin vaccine if you work from home first while most are out here e"
"35","learning lessons from lockdown  and staying at home work studies  at this point i assume once net neutrality comes into law a"
"36","work from home"
"37","when i said mindset of don t show emotion i wasn t referring to on air i was refer"
"38","i feel so sad for the seniors who live in these areas  they don t deserve to see young people drunk fucking wit"
"39","on my way home from work very different from brazil   i said i wanted to move to some place colder    i missed snow   and"
"40","i m tipsy too ending the virtual work from home day and my glasses are off  much love everyone"
"41","he s so cool tho i came to work with a headache and i told him to go home i m good for the rest of the night he"
"42","quick reminder that a camera being on means others including the teacher can see the students amp their living situation"
"43","don t allow corona virus stop you from working you can still work from home and make good income for you"
"44","the moment i get home from work"
"45","me to me everyday on my way home from work"
"46","don t allow corona virus stop you from working you can still work from home and make good income for yourself and y"
"47","don t allow corona virus stop you from working you can still work from home and make good income for your"
"48","development is a great field to work in for many reasons but one of my favourites is that you can literally work from anywh"
"49","i miss scaring finance bros on the subway by being visibly goth they re not on the subway anymore bc they get to"
"50","good i am a big fan of joshuas and think this additio"
"51","i work from home on a laptop with a touchscreen and aggressively affectionate cats so yeah learne"
"52","faster maxbit internet speeds make it possible for staff to work from home while on business or sales trips or fr"
"53","don t allow corona virus stop you from working you can still work from home and make good income for yourself"
"54","go fuck yourself   it s confirmed the school district listed it as a confirmed case"
"55","i feel so sad for the seniors who live in these areas  they don t deserve to see young people drunk fu"
"56","there s a package waiting on me literally everyday when i come home from work lol"
"57","wanted to go for a run but it started raining on the way home from work so i m just gonna take that as a sign from god not to"
"58","i ve spent my phd learning what turns out to be work from home friendly science i also incessantly keep notes amp links   s"
"59","the head of yahoo installing a nursery in her office while telling all the other working parents that they can t work from hom"
"60","when my your man texts you for your food order as he s on his way home from work gt gt gt gt gt gt gt gt gt gt gt gt gt gt gt gt gt gt gt gt gt gt gt gt gt gt gt gt gt"
"61","he said hong kong had experienced a deteriorating security situation for or months and said the bank had been"
"62","it s confirmed the school district listed it as a confirmed case of transmission t"
"63","no stream tonight i barley got any sleep last night and i m definitely feeling it will be pretty much heading str"
"64","and the biting question"
"65","the management at work are just ace the gm told us all that because we might be feeling down through these difficu"
"66","hmu if you looking for a job hr ot customer service financial rep it s work from home till june then bacc in office"
"67","it s confirmed the school district listed it as a confirmed case of transmission"
"68","thats what i used to do now i get home from work and it be dark asf outside and i just dont wanna be doing shit"
"69","i have been work since am i am currently an hour away from being home and i already only have hours until i"
"70","you know there are people that can now work from home and last year in lockdown flew out to the caribb"
"71","yeah that s the common argument healthcare providers take an oath to help sick people but certai"
"72","some teachers education workers live in areas without access to the necessary interne"
"73","let me get this straight   mps earn k a year get subsidised food amp drinks at work can put their mortgage on their"
"74","just remembered that my mom once told me that she listened to this song every night when she was driving home from"
"75","when will and reckon with the fact that remote learning means moms disproportionately have lost"
"76","my wife and i both work from home as do many of our neighbors those that don t home school their children or are"
"77","thanks for letting me know that huskies are the worst dogs to have if you live in an apartment or work from home"
"78","i have friends in the banking industry some are saying the competitors are offering permanent work fro"
"79","our gyms are open with restrictions mandatory masks limi"
"80","as we continue to work from home you may be finding it difficult to perfect your work life balance   here are some things"
"81","the kansas city chiefs are going to the super bowl but without offensive guard laurent duvernay tardif  he took a year off fr"
"82","just buy the twats a bag of toy cars and let them work from home"
"83","this is progress but for the people at home i hear from every day the work isn t done until the shot is in their arm w"
"84","stay at home protect the nhs save lives      please follow government advice only travel for work if you cannot work"
"85","not going to lie this is the first thing i watched when i got home from work"
"86","hello welcome home from work thank you for joining us we need to fund this incredible project please and thank you"
"87","this was waiting for me when i got home from work"
"88","assemble it now for all our sakes so we can all go back to the office i say as i work at a hospital"
"89","compared to the first this one was so easy finished in an hour on my commute home from work"
"90","here in northwest pa it s pouring rain amp going down to the s overnight glad i work from home"
"91","freelance recruiter   work from home   girls   female only"
"92","yeah i edited the game was saving bc my bf got home from work and we were gonna play some cod for"
"93","i dead be having a whole concert in my v omw home from work"
"94","when my dad would come home from work i knew i had to get my ass up from his chair"
"95","i understand that many parents are struggling with remote learning due to their own inability to work from home and"
"96","do you remember when commercial property owner s gameshow host hologram and anthropomorphic oil slick richard tice"
"97","spontaneous item scavenger hunts are so great for movement breaks but simple is key i never want to impose on the par"
"98","when we buy products we help strengthen our economy and create jobs at home i applaud president biden s"
"99","it took me an hour amp a half to get home when my usual commute from work is min dallas me please"
"100","sick of bart entrances being closed you re not discouraging anyone from riding we re just trying to fucking get to work and home"
"101","continue to work from home hybrid working happy working day to you all"
"102","and in the mean time there is not enough bandwidth to effectively work from home in rural areas just outside of ottawa"
"103","why do my cats just sleep all day    like helllo i m home from work don t you miss me"
"104","work from home day"
"105","it s so lonely coming home from work and everyone is in bed"
"106","omd can you smell that mom ran over a skunk already dead on her way home from work and now the car smells gloriou"
"107","sweeeet i get to work from home the rest of the week thank you otitis media fever and covid rules"
"108","even when rangers were cup contenders and knicks couldn t buy a win   finding them on the radio"
"109","came home from work and shoveled the driveway now i m hopping in the shower stream next tweet"
"110","i just got fry sauce all over my work desk why did anyone let me work from home"
"111","how to make the return home from work even better"
"112","during a pandemic just changed how they bill for wifi we re forced to work and do school work from home a"
"113","furlough money i m all right jack and many of the middle classes who voted for him will be able to w"
"114","did i just sob my entire way home from work maybe"
"115","re covid vaccination teachers and admins before our grocery workers grocers have less insurance e"
"116","i m ready to come home from work to a home cooked meal and my babe just gotta find one"
"117","work from home"
"118","wife brought home food for kids from there last night after work i ll have to tap into one of those soon been a while"
"119","masks are so great literally no one on the subway could tell i was bawling my fucking face off on the way home from work tonight yay"
"120","boutta start making beats every night i get home from work just for fun"
"121","it is exhausting and virtually impossible to work from home when your c"
"122","when i came home from work and then tell him myself like what bullshit is that  then she accuses me of being the a"
"123","i love it when it s snowing on my way home from work not"
"124","my work from home posture has me like"
"125","made intense eye contact with a girl waiting outside in line for a bar on my walk home from work do you think she f"
"126","i discovered today that the saddest part about still not being able to taste and smell is that i couldn t smell my"
"127","be super grateful right now to i the educators who work extra hard to educate the next generation ii the essential work"
"128","check out  s home work outs"
"129","my company has a hiring freeze at the moment so i m waiting for that i get paid pretty damn well for bei"
"130","list while you work from home"
"131","came home from work amp met my room clean amp my bf laying in my bed"
"132","okokok time to go work out and then make dinner so kat can have dinner when shes home from wrok sooon"
"133","a i ve been teaching remotely from home since march and i have recently been working on boundary setting i have"
"134","some of you know but some may not i made my home a few months ago and getting close to partnership   thi"
"135","my intro guys i am amritha from kerala actually but now got settled down in australia after marrying i came to aus f"
"136","i reply to all my good morning texts at night when i get home from work"
"137","technician just to fasten things up might be the fucking problem they are just around breaking connections so we"
"138","anyway does my best friend want to get home from work already and pay fucking attention to me"
"139","just got home from work and this dolph pumping me up for the gym"
"140","i m so exhausted after going the grocery store my anxiety is threw the roof i try"
"141","i might have something like that i ll need to check on my bits box when i get home from work though"
"142","just got home from work and yeah i ll give it a go       helping couple people out"
"143","i havent even had a chance to listen to the album yet i just got home from work"
"144","i m so tired by the time i m back home from work that i just eat dinner bath and talk to my boyfriend for mins and sleep"
"145","australia the tribez retweet to win food poisoning air vehicles fart okcupid work from home facebook went filet mignon c"
"146","i know the left leaning work from home wonks are all really proud of themselves for supporting a minimum wage in but"
"147","oh now it s not working to work from home mmmkay"
"148","i get home from work around like if you want me in for the later sets"
"149","i hope the story that the media tells today re s photo op visit to the airport is that he s launched an expensi"
"150","people applied to the state of hawaii s remote work program people applied to get a free trip to haw"
"151","fifth harmony ty dolla ign work from home feat ty dolla ign"
"152","i brought a plant home from work bc it was  struggling  and my bf looked at our cat and said  he really brought ano"
"153","why doesn t the establishment just admit that the entire lockdown was a political ploy to destroy the econ"
"154","weeks eh b"
"155","what i don t understand is how work from home by fifth harmony didn t go number one through all of this"
"156","got home from work saw it was and took a jog here here good sir"
"157","first work from home now wait in line at home"
"158","hiii and would love to hear by on i d be jamming lik"
"159","or be like hey here is x amount of money from this date to this date we are all quarantining noth"
"160","i have to work overtime again but genuinely don t have the resilience to do it at the office so work from home party tonight for me"
"161","in other news my boyfriend is coming home from work today with my shein order"
"162","we were toking up in my friend s garage one summer afternoon in high school and everyone fell"
"163","a we work from home and so does my mom so we will watch the game with her"
"164","got home at about am this morning from work i get at least the next days off work with pay and a covid test n"
"165","your data cap is ridiculous especially during work from home we are a house of and regularly hit tb"
"166","decided to pick up a booster pack on the way home from work at target i am glad i did one pack magic"
"167","work from home data entry jobs part time jobs online jobs data entry work from home jobs typing job"
"168","a therapist i worked with opted to continue to work after giving birth prematurely so she could save"
"169","between work and school guess how many assignments i got done today working from home"
"170","how was stokoe hours late for work today when he works from home"
"171","they have zero exposure they are fully paid to work from home you cannot be"
"172","how da fuck are you all getting vaccinated when you re all younger than me and can work from home lmao"
"173","i seriously came home from work and decided to shovel all the parking spots in front of our town house and for what"
"174","still available   work it x and postcard johnny ten hendery jisung group    s ten yangyang  from home taeil haechan chenle"
"175","i thought i was going to come home from work and do chores what a joke"
"176","crucially these are all things that he can achieve working from home and therefore travelling for"
"177","typical dems want to teach from home indefinitely and get paid full boat get the shot get back to wo"
"178",NA
"179","lol it was not my finest moment    thank goodness i work from home since covid the raccoon look is not"
"180","went home from work early only to take a fat nap bc a bitch is  sick af"
"181","this monster graduated puppy class tonight with an a less than hours after peeing on the bed because he was"
"182","y all stay home from work when it snows but don t stay away from the club in a pandemic"
"183","my job ain t letting us work from home and i don t like that"
"184","hey yall so i m building up ig so i can work from home and i have my first paid post and it s a big deal to me lol"
"185","due to the impending weather newport school district will operate virtually on tuesday january students should complete"
"186","work amp school from home is actually a blessing"
"187","literally me school counselling from home was the best for that reason being back at work and commuting"
"188","the moon shining bright over downtown winnipeg on my way home from work today"
"189","i m from a rural town called cala in the eastern cape i work from home due to lockdown but the bad networ"
"190","thank god i work sort of kinda from home family owned business so it s just a walk out to another s"
"191","work from home for the firstime this is firstime i experienced self quarantine after coming into close contact wi"
"192","coming home from work amp cooking dinner feeling like a whole assss se ora"
"193","some of you know but some may not i made my home a few months ago and getting close to partnership"
"194","being dyslexic has never been more cruel to me looked at the clock on the computer and thought it said and i"
"195","dog walks work from home pho hong with honestly a pretty perfect birthday"
"196","oh wfh work out from home"
"197","yeah i ll try i m working from home but still some people work at am like if i would answer the"
"198","same goes any work done under the sun its freaking hard to breath kalau dah work from home mana nak ras"
"199","big night for national city   they re hearing about a tod overlay in old town amp discussing their housing element update to"
"200","pot holders custom kitchen gifts kitchen linen buffalo check work from home marshmellows cooking housewarmin"
"201","awesome just got back home from work getting myself ready for that code"
"202","me we would like to work from home my boss"
"203","i m looking forward to presenting feb at the annual meeting hosted by my alma mater on during"
"204","agree same in uk for folk coming back from ireland unfair we re at risk from all those in ireland soc"
"205","that same home now would cost years the average entry level programming wo"
"206","waiting for my boyfriend to get home from work when i haven t seen him in a min i get how pups feel now lol"
"207","my poor mam comes home from work stressed and shattered every night working hours longer than she should trying t"
"208","wait until they figure out that not only can they save money by having people do the work from home and"
"209","if i had somewhere to run to permanent work from home etc then i d take it otherwise where are they"
"210","the voice to text thing was somehow left on and transcribed me in a text message pretty perfectly captures my work from ho"
"211","i have to go thru my shit because my wife is going to start work from home yet i cannot stop myself from checking"
"212","ive been doing so much better at history and english lang lit ever since we had to do work from home uh"
"213","microsoft shares surge to new high on work from home revenue boost"
"214","the solution when the pandemic lifts are local offices where work from home workers can congregate get tech supp"
"215","my casual typewriter is in my campus office        clearly i m failing at work from home"
"216","be super grateful right now to i the educators who work extra hard to educate the next generation ii the essenti"
"217","an hour work from home with benefits amp bonuses      that s the kinda shit i like to hear"
"218","one positive from the pandemic is that we got a home gym and it is ideal i can work out in silence without talking"
"219","now i use other app to chat w my bf amp friends due to the anxiety if i appear online in wa especially at night   wor"
"220","cw food poultry   love crockpot cooking came home from work to perfectly cooked chicken breasts added a left"
"221","we need doctors nurses and caretakers to stop spreading the virus police should follow them to and"
"222","that work from home life allows you to dress like the pros not a bad gig haha"
"223","shares surge to new high on work from home revenue boost is now trending on"
"224","finally home from work   stop by and chill"
"225","i m glad charlie was able to get the week off from work and glad he ll be able to return next week so won t miss mu"
"226","because i work from home of course ima be in the house"
"227","imagine your dad mum coming home from work with a new strain of weed as surprise"
"228","s day gifts for couples who work from home together"
"229","y all my wife would always say moms home when i got back from work so that s what my son would call me  moms home"
"230","strategies for a healthy work life balance when you"
"231","this is the answer being paraded from above after almost a full year of politicians pretending to work at"
"232","new bride new monogram and no one wears it better than kristel she is sporting her soon to be ne"
"233","i see all the fat ass mexicans named emilio from history class now work at home depot"
"234","mogget is adjusting to the work from home life quite nicely why do you ask"
"235","i m just nice and i work from home so i can t really check my tone of voice anywhere"
"236","yes a genuine  influencer  would work harder to create new and original content from the safe"
"237","it is so funny to watch the people whine i just got home from work to play and i really don t"
"238","a black camaro pulled up on me today when i was drivin home from work there was like girls in this door"
"239","analysts expect apple to grow this year as work from home activities boost sales to mac"
"240","just made it home from work let me start cleaning up"
"241","everyone on ssdi should have been prioritized for vaccines before fit year olds who work from home for figures but what do i know"
"242","it s really remarkable that got four guys from outside the picture into the usmnt in one pandemic trun"
"243","moral of the story if you want to become a tech billionaire don t work from your home move into your garage"
"244","in the present day you re able to connect with so many exceptional potential buyers fascinated with your main work"
"245","isn t work from home great"
"246","how s everybody doing working from home i ve been thinking of ways i can balance work and life while living in a s"
"247","these high levels of ongoing infection make the standard tools of mitigation social distancing masks and work"
"248","you are modelling that the privileged can go out for nonessential reasons on a photo op trip to the airport in"
"249","not my car sliding all the way home from work"
"250","just got home from work"
"251","since my wife and i work from home my creative place hasn t changed in years it s taken tim"
"252","the hardest part about moving during this pandemic is establishing good  work from home  routine it takes a solid"
"253","australia the tribez retweet to win food poisoning air vehicles fart okcupid work from home facebook went filet mi"
"254","when i got home from work the first thing i smelled when i walked in the door was rubin cologne    just made me feel"
"255","i love it as long as i don t have to drive in it fill up the bird squirrel feeders make"
"256","my good friend who is an iranian asylum seeker has now been waiting on his  subsistence only  allowanc"
"257","ben bartlett serving some work from home parent on zoom realness in the"
"258","i feel you we re in the same boat everything is closed visits are prohibited we have a curfew a"
"259","we homeschool and i work from home so we ve had a much easier time than most my yo daughter is re"
"260","yes i am lucky in a lot of ways can work from home remain employed have avoided covid but ev"
"261","when baby comes home from work"
"262","at work  when i get home i m going to accomplish so much   home from work  i m going to accomplish half a thing   currently sips wine"
"263","do people really come home from work and are like not greeted by a dog"
"264","roomie gonna sleep all day tomorrow  me coming home from an exhausting day at work with eight more to go before"
"265","cybereason offers a new take on protecting all those work from home laptops and phones"
"266","dear pals today i m helping my mum work from home    and i think you will all agree i m doing a really good job     paw wa"
"267","working from home is starting to fall apart top bankers warn financial post"
"268","work from home admin for a homeschooling group drives hrs and gets covid vax in a county they don t live in bc  s"
"269","a friend of mine is a funeral home director she was saying last fall how her work was busier becaus"
"270","to put a fine point on it work from home and miserably try to juggle work and supervising school is going to stop being an"
"271","i work from home so i gotta get out the house at night most of the time"
"272","work from home with this doggo"
"273","daughter kept me up from when i got home from work around am to am slept till noon"
"274","on my way to work from home lol crosswinds tagaytay"
"275","yakuza mom is almost done with work then i ll try to gather my thoughts into a twitlonger when i get home   i go"
"276","i m sorry i m late getting home from work but i had to close tabs on my computer"
"277","orang suruh work from home korang buat le tour de langkawi   work from home is not annual leave you should alwa"
"278","if i could get home from work before dark that would be greattt"
"279","the weather service isn t making any noise about snow but this map is starting to spook me into flashbacks to the n"
"280","do whatever happens to a hospitalist when they refuse a flu vaccine i suppose   not a"
"281","wife  honey please don t forget to buy bread when you re coming home from work and lest i forget your girlfriend chi"
"282","i have so much to get done but i have absolutely zero energy when i get home from work and it sucks"
"283","i got a fucking raise for my work performance last year i worked full time from home while parenting a toddler ful"
"284","ohhhh yeah we re lucky lmao it s the best thing to get home from work make dinner and watch star wars"
"285","hi guys do you work from home i sell tables suitable for your work station  the office table is ft by ft by in with"
"286","why are you metering your internet customers to tb in the middle of a global pandemic my wife and i wo"
"287","i only have one charger and my phone takes priority but i need music on the way home from work"
"288","top tips to work from home"
"289","going directly home from a long day of work driving slow as well"
"290","na i just got home from work like an hour ago it s all gravy baby"
"291","wow microsoft reports revenue growth hasil dari lonjakan cloud business ramai sangat ni work from home"
"292","that s why i try to get dressed even though i work from home i almost answers door in undies a few times"
"293","i love getting home from work only to clock in at my second job which is apparently being my kid s bitch"
"294","what a relief si dang gets to remain at home with his family amp community but much work needs to be done in making sure si"
"295","fantastic well deserved too   seeing as we all work from home it is lovely and makes you feel bet"
"296","slept all day and stayed home from work also ordered a new phone tracking said new phone was delivered no phone"
"297","tomorrow is wednesday which means i will only have more days to work from home    i m sad because i just love it here"
"298","dudes who ve been working from home since march but still traveling across the country be like  lol i don t know ho"
"299","working from home has been the hardest part of transitioning to my first dev role we work on client provided compu"
"300","got rear ended on my drive home from work today   instead of getting pissed that is off to an awful start i"
"301","job duck is a company that hires virtual assistants to work from home full time for u s based companies     not"
"302","learning lessons from lockdown  and staying at home work studies  at this point i assume once net neutrality comes"
"303","privacy teams helped navigate the pivot to work from home"
"304","osiel waited for me to come home from work to nap like does he not know i can t ever nap after work even when i sa"
"305","my mom and i usually order subs from a local shop just about every other friday i order online and grab it on my w"
"306","my dad used to tape it off and would watch it in the afternoon when he was off work i came home from school one d"
"307","literally got home from work last night and had a serious mental breakdown woke up a new bitch amp reminded myself who i am"
"308","today has been so shit and then i got home from work and the fucking batteries died in my thermostat so it was free"
"309","also known as best work from home lunches"
"310","a man hit on me at my job today  i work from home"
"311","on my way home from work very different from brazil   i said i wanted to move to some place colder    i missed sn"
"312","a ray of hope for my friend jason williams and his family their home was destroyed in fultondale last night and they thought t"
"313","comms are dire my hospital is beyond crisis we ve no beds icu s full staff off sick ambulances stacking"
"314","work from home data entry work from home jobs online jobs data entry jobs part time jobs typing job"
"315","aight i ll download it when i get home from work send me your inv"
"316","it s pm and i m still walking home from work i crave death"
"317","not yet i haven t made it home from work yet i m on my way now i had to stop by the drug store for"
"318","question does someone get a snow day off of work if they have been working from home since march"
"319","most people would say tools are a poor substitute for in person collaboration and are therefore seen as"
"320","working from home is a solution for sma ll businesses amid covid social distancing read more"
"321","excitement is brewing at interchange hq as we slowly return to the office we ve got our covid safe plan physical"
"322","fascinating look into how companies have embraced not just work from home but work from anywhere"
"323","the look on my boys face when i get home from work is the best feeling ever"
"324","same here ever since starting work from home"
"325","does anyone else get home from work and just sit in a chair for what feels like hours only to realize its been like minutes"
"326","a guide to everything you need to work from home according to product reviewers"
"327","i just got home from work and im so tired that seeing that picture of the container of cream cheese labeled  cheam"
"328","from home chenle work it johnny work it ten"
"329","i work in morris county although largely working from home since march s"
"330","my parents are refusing to drive me to and from work tomorrow so i have to take an uber there and and i have to tak"
"331","weeks of vacation time from work this year how does one take vacation time off when we work from home and can t go anywhere frik"
"332","don t go to the pub but they re still open  stay at home but the airports are open  work f"
"333","it broke again on my way home from work  inhale exhale"
"334","y all just got called back we ve been back from jan th      they won t allow us to work from home"
"335","back home from work showered amp in terrible pain   my manager also warned me for sitting despite the fact that i am"
"336","stop thinking while i m at work of when i can come home from work just to see your bright smile that just brightens"
"337","my brother child amp i spend our afternoons once home from work reciting tiktok sounds amp were not ashamed"
"338","there s a lady i know who is rich but steals food from her work whole cheeses entire bunches of bananas filling"
"339","work computer switched off very diffrent working from home this time"
"340","the sun wasn t even up when you were barely roused from sleep to hawks coming home late from work per usual"
"341","food    what should i get for dinner on the way home from work"
"342","i actually don t feel comfortable going back to work i m ok with working from home"
"343","i m guessing that it was probably the type of employers who think there should still be a dres"
"344","every time i open my bedroom room after i get home from work or lunch my computer turns on by itself and it s extremely weird"
"345","it took me a whole ass hour to get home from work    didn t even get passed rd gear"
"346","in didsbury today i saw the brilliant work the and emergency services are doing to defend the area from floodi"
"347","i have kept a really strict work life balance all through this work from home era i clock in and i clock out ha"
"348","oh grand i get home from work and mum s left the key in the lock and everyone s phones are off am now stuck in the garden with beers"
"349","security startup x cloud cybereason offers a new take on protecting all those work from home laptops and phones"
"350","i was so excited to find my box waiting for me when i got home from work as i took out the purchases"
"351","sounds like in unessential work that can be done from home"
"352","lost work time for people working from home is an issue members of local government can t fully d"
"353","while some businesses have suggested working from home indefinitely many companies will most likely choose to pursue a hybr"
"354","my grandkids are doing well on the surface amp hybrid schooling both parents working from hom"
"355","i love coming home from work to a clean cozy home my dogs always look forward to seeing me and i love getting to s"
"356","claims customer experience journey manager work from home allstate insurance company"
"357","we unlocked a new work from home with your partner achievement today the significant other overheard a conversation and ask"
"358","absolutely love this view every time i head home from work"
"359","im home from work now hope you re all having a good day night i ll work on videos but post tomorrow"
"360","we can work from home"
"361","i m torn between  i really miss snow  and   holy shit it was degrees outside when i got home from work today and that s awesome"
"362","thank you the majority of her family live in multi generational households people are bringing it"
"363","but read the headline under s   i m and work from home i d personally be happy to give up my place in"
"364","cool lol mine was something that happened irl we got sent home from work bc of lockdown and was la"
"365","doves just hits different on the way home from work at night"
"366","there s an interesting privilege dynamic playing out between the self righteous i m going to work from home because i m res"
"367","for those of us fortunate to work from home now is the time to refresh your work space with sturdy secondhand furn"
"368","mom came home from work with a cold so i quarantined her and now have to spend the next few days monitoring her sy"
"369","work from home but in style"
"370","i m incredibly grateful to be able to work from home right now but the fact that we re so busy making something tha"
"371","mine are grown working from home here in mn with we parents out of of them at least my one"
"372","home from work and had this video stuck in my brain for hours"
"373","for the record i am grateful to have a job let alone one that allows me to work from home i just miss going outsi"
"374","i worked right down the hallway from sekou at turner until we all left to work from home last march"
"375","rd week work from home    university brought back freshman students for winter qtr"
"376","oh and the job is work from home answering emails that s literally all i would do"
"377","come on bro i just at home from work and it s my rest day you couldnt come at me any other day of the week"
"378","the shit that blows me is that no one was home it arrived a day earlier cool and i was on my way from work when"
"379","hitting work from today"
"380","i am glad i just found out about this when i got home from work because i dont know if it wouldve been prof"
"381","something for your commute home or your move from one end of the couch to the other if you work from home the lates"
"382","work a to job that leaves you too tired to do anything when you get home and doesn t pay enough t"
"383","it s like a dad coming home from work completely drained and exhausted but as soon as his son says dad"
"384","my boss called me to congratulate me because over this past year i m the most productive employee   lockdown suits"
"385","please add in a additional payment or credit to help us for the cost we ve absorbed from buying technol"
"386","if you re wondering how bad my brain has been just know that on my way home from work today i drove past my own house"
"387","only got home from work nowww"
"388","it s so tiring and mentally draining feeling fearful of your parents health during this pandemic i can t help but"
"389","for sure that s a reason to not vaccinate the teachers yet unless otherwise prioritiz"
"390","i m not ignorant to the fact that a lot of people rely on schools for daycare and that it s ridicul"
"391","work from home homeschool"
"392","impressed with the work local athletic directors and leadership teams have done to get our  fan less  games live st"
"393","this isn t as neat as i wanted it to be but i m otherwise pretty happy with the setup i ve installed at"
"394","they still got the capitol fenced off and i can t ride down independence to go home from work"
"395","i work for one of the largest canadian companies in the financial sector and i don t need to spe"
"396","i came home from work dinner was cooked my spliff rolled my bath was set my face products and mirror were in my usual ni"
"397","fr even especially with living in an apartment it s just like moving really far when this lease is ove"
"398","my cat can be such a little shit i wanted to take like an hour nap after i got home from work and ate but she kept"
"399","its min from work to home and i hate life the entire time"
"400","i think most office tenants are going back with the flexibility to work from home days per week"
"401","the victorious work from home business will need your physical shape find out about this type of fitness approaches"
"402","stay home one day from work my mom be roasting my ass about everything   my weight  college  the gym  how i can t c"
"403","it was a nightmare i legit thought i was going to die tonight my boss is nice enough to let me w"
"404","hey news reporters            we wanna know what s on your laptop stand reading list this winter   what board games or puzzle"
"405","if you work from home embrace the interruptions   use them as a reminder of who you are actually working for"
"406","i know the left leaning work from home wonks are all really proud of themselves for supporting a minimum wage i"
"407","i ve been providing free workouts on my instagram  is not reason to travel internationally  for work  du"
"408","yet millions and millions of people go to work every single day that dont have the privilege to work fro"
"409","yes my children have been going full times days a week since august in the awesome state of s"
"410","i have stayed home since th to this th   am thankful that there were foods and supplies coming i still have tv"
"411","i ve had five extra strong headache pills since i got home from work five hours ago and the pain has not abated at"
"412","soooo its gunna snow tomm amp i know we all work from home now but like can we get a snow day still or nahhh"
"413","i work at trader joe s which is working with food why have i been bumped down and teachers that can"
"414","i didn t want to buy the truth or drink game bc i didn t think i d use it enough so he handmade the whole game and"
"415","i have masters degree from a us university yrs work exp months ago i was working on cutting edge tech on a dream pr"
"416","i want a job closer to home bc i hate sitting in traffic after work just keeps me from seeing my daughter amp i hate"
"417","this week i am working at home but from tuesday i go back to work for days a week and let s see when i can return full time to work"
"418","not sure why it s not posted i rely on the ferry system to get to and come home from work i ha"
"419","home from work  time to relax  she in the other room cooking   she never has to know        onlyfans emmazing"
"420","home monitoring is being used to help those with mild cognitive impairment stay in their homes safely amp for longer for"
"421","how do people work a full day and then go home to a family like you re tired from a long day you have to cook cl"
"422","excellent hopefully i can work from home til it s completed"
"423","these items make great gifts for friends who love writing or who work from home or for yourself   read the full article gif"
"424","take the wheel as a automotive claims adjuster hr benefits work from home in fl learn more about"
"425","and hey times are tough for a lot of people but that s months of work in a pandemic in a job that doesn t let"
"426","darn omw home from work so ill be missing this one"
"427","since i been home from work i been dozing off a bihhh tired it s a wrap after i eat amp smoke a blunt"
"428","malaysia hire workers from oversea under the harshest employment rules they are made to work hrs a day they ea"
"429","sending thoughts of peace from indiana        don t panic i ve seen a lot of year olds beat this viru"
"430","i now thinking bout all the single parent households that won t be able to work from home"
"431","some kids do follow quarantine and do school work at home away from friends others here dont care they go out on"
"432","contract tracing has failed to identify the cause of over of cases clos"
"433","this is a great idea especially for those having to work from home thanks lauren"
"434","my most anxious time of day is the hours after getting home from work  anyone know wtf that s about"
"435","what a nice surprise someone cleaned my driveway before i got home from work tonight thank you so much also a ni"
"436","desktop virtualization is trending in the work from home world but could also present network capacity challenges"
"437","big night for national city   they re hearing about a tod overlay in old town amp discussing their housing element up"
"438","i literally played this on the way home from work"
"439","your welcome to wait for something better tell that to the exhausted medic"
"440","these items make great gifts for friends who love writing or who work from home or for yourself   read the full art"
"441","virtual events planner work from home coordinator and other careers that a work expert predicts will be in demand this deca"
"442","ponder logic  u can t travel to from a country which has lower  infections  than us care home staff go to from own homes"
"443","still of young gamers who work from home"
"444","lol me seeing everglow by myself days before my work went to indefinite work from home"
"445","finally got the tracking info my dpd guy is usually here around pm it ll be waiting on me getting home from work"
"446","first thing i do when i get home from work is get out them damn uniform clothes then take me a hot bath roll me blunts"
"447","i am the queen of coming home from work and not wanting to be bothered but i just got home amp there s not a single p"
"448","picture this you re in your early  s it fucking sucks outside but you re alive on your drive home f"
"449","y all my bundles just arrived i wanna get sent home from work so bad"
"450","thanks pete met gilly when i was and he came home from th"
"451","does anyone have some recs on a good office chair to work in from home i need something comfy"
"452","i am tired as shit just got home from work i don t even want to think about today"
"453","there may also be a good number of office jobs that continue at least in part as work from home"
"454","literally rushed home from work i m so sad"
"455","perfume and hold me for illegal boarding is a sorry way to hold cumin because hoe from home said come here work for"
"456","join dr steven macgregor today"
"457","act fast new text amp email work from home job"
"458","my wife and her manager work in the hr deptt of a f"
"459","helpful article from the law society in my email inbox today on working from home with children apparently you have to tell"
"460","didn t get anything done today because i m having a bad reaction to my second covid vaccination nothing serious"
"461","when you rush home from work to take a nice relaxing blistering hot shower amp someone else used up all the doggone hot water"
"462","that feeling you get when you get home from work and stretch out on your bed and take your socks off it one of thee"
"463","speak for yourself what s for you won t go by you i have school age kids at home it s hard but on"
"464","courts encouraging ppl to work from home and take off an item that they ll actually be paying of the cash pric"
"465","our library can get microfilm for us there are a few portable readers but they re usually always checked"
"466","welcome to the twilight zone where students are told to stay home and all k and cluster teachers are told to w"
"467","now that i m home from work i can finally watch the reveal for real"
"468","im thankful asf i can work from home"
"469","senior required  competitive salary    we offer a substantial and achievable bonus the opportunity to wo"
"470","my new ritual when i get home from work is to light one of my aromatherapy candles and smoke"
"471","youre quite lucky that you can afford to just go without an income coming in and stay home a"
"472","rip sekou  coming home from work late at night after a hour shift and watching you on nba gametime and help me c"
"473","i was enjoying the view of mt baker on my way home from work"
"474","my moms work is stupid my mom cant work from home even tho she has dr notes one from my bro heart dr and one from"
"475","i remember as a kid i would take a metal panel my dad brought home from work"
"476","is awesome as always   my dasher on the other hand    didn t follow my instructions and"
"477","today s work from home outfit   bespoke light gray flannel three piece suit   white blue striped ralph lauren win"
"478","oh the co op thing lol so it s a work from home thing"
"479","hoping for a snow day like they wouldn t make me work from home instead"
"480","i got home from work and did it"
"481","that s not even the worst lmao     man my dad would go to work at am everyday and come home at pm and i wouldn"
"482","job especially the medical and care workers the gov has stepped up to support all many can work effective"
"483","the majority of students i teach prefer to learn from home because they don t want to get sick the majority of faculty i wo"
"484","microsoft shares surge to new high on work from home revenue boost"
"485","went to work with one of my videos sitting at around views and likes get home from work to see it at over"
"486","game on ps is completely buggy my dude comes home from work as soon as someone goes to sleep they ll"
"487","quinn says k employees were asked to work from home because of the dangers stemming from the civil unrest   absolutel"
"488","i really walked home from work last night hr and mins and felt super good about it so guess what i did today"
"489","exactly people would be willing to commute further if they work from hom"
"490","i think she changed shirts from coming home from work"
"491","i m a writer and i can t even form a functional sentence in my current work after months of being"
"492","did something different with my hair today and i felt cute i come home from work and my husband says  god what hap"
"493","come home from work and get right to work on my laptop by any means for this degree"
"494","i come home from work and eat too many peanuts bc i m hungry and then my tummy hurts"
"495","they will send you out to work your kids to school in but they work from home whilst others mix with s"
"496","my problem is i wanna work from home forever"
"497","we unlocked a new work from home with your partner achievement today the significant other overheard a conversatio"
"498","my poor roommate had his first snow day today and got stuck coming home from work"
"499","been working from home for practically a year i am drained unmotivated uninterested and just don t care to work at all at this point"
"500","finally i made it home from work"
"501","working from home remember take breaks from shopping on to do some work when you are shopping begin eac"
"502","open po nct make a wish from home s love work it md postcard photoset smartphone deco trading card lugg"
"503","counting down the days till i get to work from home"
"504","yeah i have to drive a crazy busy road when workin"
"505","got my first shot today i am a healthcare worker who cannot work from home so bet mn i qualify"
"506","you ever come home from work and get to baked that you pull off your zip up hoodie asking for a friend"
"507","when you have no face mask cream left at home a snapchat filter is the next best thing right nope lol     this gal"
"508","my coworker said she s gonna buy flowers for her wife on the way home from work and i just"
"509","i work not too far from it but always forget about it until i m home and i m upset    i just wanna see some kitties"
"510","working from home is starting to fall apart top bankers warn"
"511","i want another job any work from home jobs where i can travel with a laptop i have one now but it s two deskt"
"512","felt sick all day so i stayed home from work apparently allergen numbers are just crazy high though so hopefully just that"
"513","moved to the front of the line and told there are no vaccines available  also it is completely in"
"514","just got home from work and i ll be live at pm cst"
"515","looks like i m walking home from work"
"516","nss open preorder nct make a wish from home s love work it md postcard photoset smartphone deco trading c"
"517","i think in season two the updates will be bigger plus rare are having to work from home"
"518","the governor said they may ease restrictions in the fall i m trying to go to colorado now i want"
"519","i m and on an immunosuppressant drug that s returned me from completely unable to do anything to a"
"520","ok nd day of ring fit adventure my legs are s o r e thank god i work from home"
"521","this heartbreaking but not surprising and directly affects my family key worker husband and his work colleagues"
"522","another safe drive home from work drive safe man i watched people die today"
"523","it takes me so long to get home from work because of traffic and it s slowly destroying my soul"
"524","we launched a website a home for our campaign to tackle systemic racism in the charity sector and a place to host"
"525","i had not that i ve been to anywhere that wasn t a supermarket smiths the fish n chip van or a pharmacy"
"526","ordered grubhub forgot to change the address from work to home used to option to message driver hope he gets"
"527","i got home from work today and chose violence i wish all covid deniers a terrible day"
"528","thinking about the fact that i live a ten minute walk from one of the biggest vaccination sites in sf am an"
"529","new suburban homes in the area built with a separate office to work from home pretty smart that price though"
"530","nct make a wish from home s love work it md postcard photoset smartphone deco trading card luggage sticke"
"531","since work from home shows no sign of going away soon we could all use some supercharging tips to make the most of"
"532","from home s love work it"
"533","yuta from home and work it"
"534","the drive home from work is gonna fucking suuuuck with this snow"
"535","the thing is if you re working from home you have to show your colleagues or your bosses that you re doing your w"
"536","work it from home pls"
"537","bro i swear my plants do this if i forget to say hi to them when i come home from work"
"538","have you ever feel so frustrated stressed out sick annoyed mad sad tired all in between and you end up cryin"
"539","there is nothing more attractive than your man coming home from work dirty in boots you cannot change my mind either"
"540","work from home workers on full pay doing home improvements whilst those that lost their jobs furloughed"
"541","just occurred to me working from home means no snow days off from work"
"542","yuta work it sungchan and from home please"
"543","work it johnny from home yuta doyoung group"
"544","getting home from work like"
"545","i ve learnt the hard way not to remotely update the smart home server from work"
"546","lol i m talking about from the company you re purchasing your home through lol i wo"
"547","school here s your homework me ugh at least i won t have homework when i m out  boss here s your laptop to work"
"548","i start my new job tomorrow and i m really already trying to figure out how to work from home because my kid hates school so much"
"549","supreme court seeks biden doj views on work from home taxes"
"550","shout out to for price gouging which is illegal in maryland during a time when people are home and onli"
"551","yes it is a requirement from the state until further notice since dec th     st"
"552","interesting ruling from unfair dismissal compensation for worker not allowed to work from home during pandemic"
"553","we did indeed i started early enough that i had a few months working on it like normal but many"
"554","super excited to go home from work and not have running water    truly cannot wait to move"
"555","i just got home from work and we are up i love that great to have you back bob"
"556","eh i ve just come home from work must ve got hacked"
"557","i hate when mfs wanna shower when i get home from work or worse after this workout"
"558","an hour get home from work"
"559","my laptop fried last night when i got off to work and my fil came home from work today with a brand new one for me"
"560","even with love it hasn t been easy trying to coach teach one nd grader has been so difficult fo"
"561","what is going on if teachers stay home and work remotely tomorrow will there be retaliatory action from"
"562","storming outside new mattress half day work working from home wtf we do to deserve this"
"563","ugh    it was a nightmare never even made it home that evening from work went off the road twic"
"564","there is nothing more attractive than your man coming home from work dirty in boots you cannot change my mind eith"
"565","it s really scary and we re super lucky my husband and i can and do work from home and both girl"
"566","yea she just wanted us to stay home lil bit to avoid a full lockdown people getting it from outside a"
"567","to some degree remote work looks to be a part of future   survey of gt c level executives amp senior public"
"568","if your supervisor won t leave you alone during this new work from home scheme tell their supervisor because they"
"569","i want everyone to get vaccinated i work from home i ll wait until the end but lightfoot implied teachers wer"
"570","job of the week   scheduling administrator and customer service melbourne   flexible working from home arrangeme"
"571","i m lucky bc i love being alone amp i ve been able to work from home but the st mos of this school yr"
"572","oh i ll purposefully bring them to work when i m not working from home anymore i did not intend to bring h"
"573","got home from work like an hour ago haven t eaten cause well i m bad about eating  but time to clean and feed som"
"574","matt treacy writes for gript  matt doesn t like irish brazilians  they work in meat plants  who don t have the cash to"
"575","i m so addicted to this game the only think i look forward to after finishing work but as i m worki"
"576","it s v v hard to work from home when you have no room to work"
"577","i don t know the exact policy this school district"
"578","just got home from work it was very cold today gonna make something for dinner and watch some anime"
"579","probably both my partner was doing the same plus working from home teaching all phd students she s left now but still"
"580","i m ignoring the work emails that were only sent after pm they are not emergencies and one needs to draw som"
"581","please be kind to others who must leave their homes to travel to and from work stay home stay safe save lives"
"582","i leave from work to find peace at home jokes on me today"
"583","afternoon work from home drama king is napping on larry s blanket in the living room i closed my office door to let the old"
"584","amen my boys are high risk so they ve been home this year but they re also in wheelchairs i love them"
"585","why do the majority of people who work from home want to move here"
"586","probably both my partner was doing the same plus working from home teaching all phd students she s left now but"
"587","i will say that i never in my lifetime thought i would do a minute job interview in spanish get the job get pr"
"588","the numbers are real firmly with the medical est amp scientific community the countries th"
"589","freelance data entry job online work from home"
"590","i hate lazy niggas at work like ilnigga i m as tired as you are i want to go home as bad as you do my stomach hur"
"591","on my walk home from work this evening nice to see some enjoying a quiet pint"
"592","i need mia and ftc to somehow legislate higher mb s to assist those who will be forced to work from home"
"593","me going home early from work because i feel terrible    want cry"
"594","i love time to decompress after work in the car listening to music it lets me switch from work mode to home mode"
"595","work from home has been extended to july th"
"596","just got home from work feels like my arms are about to fall off other than that am good     one up"
"597","okay nevermind not unmotivated anymore just realized i forgot my meds this morning but also  i got an interview fo"
"598","in an email the district tells families of pre k and cluster students to keep their children home from schools tomorrow   a"
"599","more than half of people whose jobs have allowed them to during want to continue doing it putting pres"
"600","i really wish i could find a work from home job i really just don t want to leave my house everything makes me an"
"601","got home from work early today so we are going live at opening top wl rewards huge team update and some h"
"602","great thread suspect hr will actually increase jobs because people who work two hr jobs w"
"603","now that i m home from work i can finally catch up on all the tweets videos and memories"
"604","i must find a way to work from home effectively or some times"
"605","whoever is putting the ch potle ads for my timeline you win fine i ll get it on my way home from work"
"606","have you struggled with home schooling you re not alone      a primary school headteacher from wrote this"
"607","while was virtual this year ceo of joined to discuss the company s new products and the"
"608","year are celebrating children s learning with displays of work from home and in school"
"609","took a bomb nap after coming home from work"
"610","work from home   build in public"
"611","on repeat my whole ride home from work crazy you tweeted this lol"
"612","i should be off the casamigos w my babies on my way home from work tho"
"613","okay so if i get sent home from work because i m not wearing shoes i m blaming you"
"614","proposed an additional hours of emergency paid leave to employees who cannot work from home due to the"
"615","been kind of productive since i canme home from work it d be a shame if i were to get the itis during this process"
"616","odorous battlefield moghur turd diarrhea you a bottle great wall fart horse manure hemorrhoids munanimous horse e"
"617","it only took me nine months but i think i got this work school from home under control now"
"618","i ve been home from work for less than hour and have already taken the recycling out showered put in a load of la"
"619","no ones ever up when i get home from work      i miss working day shifts or being home before"
"620","everybody wanna be slim thick but don t nobody wanna put in the work i have virtual training in person training mea"
"621","damnit i just got home from work"
"622","no better feeling than getting home from a long day of work amp ripping a good shotgun"
"623","yayyy i m home from work now"
"624","there are businesses who would allow for work from home but slow and u reliable internet connection makes it bad for business"
"625","i ll get you a quote tomorrow after noon the post office will be closed by the time i get home from work tonight"
"626","lenice been home from work for hours before she said she left the stuff at work chile i m just so confused the girl is retarted"
"627","i just learned today that double masking was a thing and that you shouldn t wear gaiters also that for good reason"
"628","s work it  postcard book k k luggage sticker photocard set k k uniform acrylic charm pc set k"
"629","i luv the u s postal service i ve been home from work the past weeks twice my job has sent me paperwork i need"
"630","while some businesses have suggested working from home indefinitely many companies will most likely choose to purs"
"631","me who can work from home"
"632","starting from july ish last year i made it a habit to work out at home gyms have been closed it just so h"
"633","it s absolutely stupid how half of you didn t even and still don t have a f king clue and just lie"
"634","teacher under review a miami dade public schools teacher was sent home from work this week apparently because of her po"
"635","cps officials insist that in person learning is a necessary option but the teachers union wants    reopening delayed until staff"
"636","new work from home achievement my cat started meowing so much on a call that it triggered my source s cat who also started"
"637","presently irritated to your work from home business this is the programme that ll produce more potential buyers"
"638","her parents work from home too so that really matters"
"639","i m hungry and can t eat until i get home from work in like hours"
"640","and you need to stop in its track the biden stepped up basis to steal my parent s home from under our"
"641","i can t believe i wanted to come home from work and watch anime   who am i this isn t me"
"642","this season was electric on tuesday s made work from home worth it"
"643","there s still time to register for our next  return to work by volunteering from home from covid and beyond"
"644","what a relief si dang gets to remain at home with us but the fight is far from over as si and many immigrants amp refugees sti"
"645","can i still take a snow day if i work from home"
"646","i always feel for you hoaz on rainy days like this when your boyfriends stay home cuddling with their wives more worse they"
"647","everyone s favorite daddy is home from work lt"
"648","interesting irish equivalent of an employment tribunal finds a worker was constructively dismissed because she wasn t allowed"
"649","well home from work first day back full day went pretty well am tired amp sore still so gonna relax tonight was re"
"650","shes ok very tired but it s been really awful for some and your partner it s a nightmare people don t"
"651","with the nashville economy building up again and more companies coming this way and more work from home jobs i can"
"652","so wait i can work from home cause"
"653","work from home should  continue  she said   it never start out here aunty"
"654","work from home jobs online data entry jobs freelance data entry jobs online jobs part time jobs"
"655","inches and still going   i m heading out to check roads for carus s drive home from work and go to the barn"
"656","retweet for people getting home from work"
"657","people share their reality of workspace setups of working from home"
"658","i came home to more dishes because i didn t finish the ones from last night a torn up dog bed dog poop smeared ac"
"659","know the difference between people who value you and people exploiting your value if someone won t pay you for your hard wor"
"660","i can t wait for the days when i get to come home from work an see how excited my kids are when i walk through the door fut"
"661","i ve work for au bon pain and the shit from the bakery we either through out or took home i was alw"
"662","lately i have been making dinner and then i hear my sister get home from work  but she sits in her car in the yard f"
"663","oh god i only work like ish and i feel like i spend my whole life at work    but also i feel l"
"664","how many are attending virtually doesn t that count pretty sure the order in on is work from home if you c"
"665","those showers after you get home from work hit different"
"666","how are we going to get it all in that s what she said   this just made my day driving home from work"
"667","funny i have the same crush i work from home too"
"668","i can t work from home tho so it s work as always for me and my asthma"
"669","study bothell ranks as best city in washington to work from home"
"670","nah i love oh every time my roommate comes home from work he gets supper excited and runs to the door to hug her"
"671","have a ready backup home internet plan for a seamless work or learn from home set up  details at"
"672","from studio to three bedroom floor plans at lake meadows you ll be sure to find the perfect apartment to meet you"
"673","every day i wonder why all retail service workers are not on the top of the list for vaccinations so many i know that g"
"674","life is worth it for when i get home from work and go to bed and my two cats sleep next to me there s nothing quite like it"
"675","flashback to when i was at my friends house on the first day of online school for them and i didnt know i wasnt all"
"676","lately i have been making dinner and then i hear my sister get home from work  but she sits in her car in the yard"
"677","having my dog next to me while i work from home gt gt gt gt gt gt gt gt gt gt"
"678","i come home from work like  i should eat something  but like eat what and like i dont feel like cooking"
"679","yesterday my bf and i were pretty hung over i had to work from home but he had the day off and this man watched b"
"680","my makestar albums are coming today yay but i wont be home from work for another hrs"
"681","my company said you work from home anyway let s get you a heavier one"
"682","tough choice but think the grohe red wins it    the perfect work from home accessory move over kettle"
"683","got the work from home job and im going to be able to go to school and also move and just keep creating i fuckin lo"
"684","the progressive work from home commercials are so funny lol"
"685","got home from work sat silently in the dark while eating a brownie productivity"
"686","yessssss taste i ve been playing it when i m home from work too"
"687","as far as a i ll always prefer working from home you can work on other stuff get shit down around the house an"
"688","thanks i m home from work now"
"689","still another reason to work from home"
"690","thinking ab the fact that when i came home from work and just broke down that she let me cuddle her until i fell asleep before she left me"
"691","within minutes of getting home from work i do one of two things change into my work out clothes and go for a"
"692","funny i m a county public utility worker in wastewater no work from home for us"
"693","anyone else forget they put crystals in their bra got home from work n took mine off and just fell n hit the floor"
"694","teacher under review a miami dade public schools teacher was sent home from work this week apparently because of"
"695","thousands to work from home permanently for top turkish conglomerate"
"696","e hey mikasa why did you suddenly ran from school to home did you left the gas on maybe the bathroo  m"
"697","so tempted to do this in my next working from home zoom staff meeting later on this week hilarious serio"
"698","just got home from work and i m burned out like a mofo i m about to knock out despite having like shots of espresso throughout the day"
"699","i need another work from home job"
"700","that s why since i work from home i quit wearing mine"
"701","be entered to win a free family meal simply by telling us in the comments below what it is that you love about work"
"702","quick reminder that a camera being on means others including the teacher can see the students amp their living situ"
"703","and now we mostly work from home"
"704","my roommates be sleep when i come home from work during the week i need somebody excited that i m home so this doggy is what i need"
"705","turns out i m home from work and my boy from the lease is here and we re straight up hanging"
"706","does anyone else call their mom on the way home from work school every day no just me"
"707","i thinkkkkk ima pack my shit and work from home at shacoby house tomorrow"
"708","i love my sister and nephew but i hate when she comes home from work"
"709","bailey and i got to spend the whole day together while i worked from home we even surprised mama with a lunch date"
"710","i am lighting a candle as soon as i get home from work but praying for you your family and your father"
"711","my team actually works remotely i have skin in the game for work from home nationalism"
"712","some softness in the high rise condo market due to the pandemic work from home will get worse before it"
"713","i have been teaching virtually from home since march my third grade students need to see me model and"
"714","i know someone who works from home but occasionally has to go to he"
"715","crying during the work day but at least i work from home"
"716","check this utilising just simply this approach i was fortunate to get out of each of our full time job and work fr"
"717","this is obvious but thank you for saying it will save some people headaches also the   standard"
"718","came home from work to this      dude he knows he got me a penguin my heart can t handle it"
"719","whole time on my way home from work i m like where is the oncoming traffic this is weird something s wrong the"
"720","my doggo brings me his favorite toy when i get home from work amp it s my favorite part of my day"
"721","well just delivered my package i won t be home from work for another seven hours any wagers as to whethe"
"722","when you used to try sleep before your mum gets home from work cause school told her you was acting up"
"723","anybody else run to their room as soon as their dad get home from work or jus me"
"724","i m not sure being a single dad in a city with no family and having a job with one week of vacation and one week of"
"725","my parents can t work from home and what do you mean same size"
"726","and if you think building new offices is daft this is why you re wrong and why we will still need them"
"727","reliably and securely connect your users to business critical applications   even if they re working from home wat"
"728","not me crying on my way home from work today lol"
"729","cps officials insist that in person learning is a necessary option but the teachers union wants    reopening delay"
"730","just got home from work and took all my make up off right away now i feel pretty lol"
"731","i d really like to come home from work to a downloaded game"
"732","lmao so they feel is just so people can work from home"
"733","i know that s what happened for the halloween stuff for ffxiv for example because it s harder to mak"
"734","i was home recovering from our holiday work party"
"735","i didn t know how much my pain could go down until i worked from home  showering and rushing to get dressed meant i"
"736","free from the shackles of work academia time to go home and do more academia class"
"737","how to apply for amazon work from home jobs"
"738","joke s on them i work from home"
"739","medical coding jobs from home with lexicode get remote medical coding jobs"
"740","as we approach a year of lockdown here is how i have managed to successfully work from home for years    never w"
"741","ive been thinking about emotional skills alot lately as i watch a new emotio"
"742","tomorrow at the end of your work from home lunch break just before your next zoom meeting at why don t you join me a"
"743","really enjoyed that session with the academy well done lads great camera work from   plyome"
"744","the way someone ran off the road in front of me on my way home from work self fulfilling prophecy teas"
"745","i can t work from home        my work is at anfield        but theres no body allowed in    i can t to go back to work at anfield"
"746","work from home and earn daily weekly amp monthly make more than weekly from home no hidde"
"747","this sure is the long way home from work"
"748","starting from july ish last year i made it a habit to work out at home gyms have been closed it just s"
"749","i watched the video on the train back home from work and yeah i was a bit like   is that it"
"750","check this using simply just this process we were happy to get out of each of our permenant job and simply work fr"
"751","today i learned that i can listen to the glee cover of all that jazz exactly times on repeat on my walk home from work"
"752","and companies need to let people who can work from home work from home"
"753","man being in a healthy loving relationship is wild like i m excited for my man to get home from work to tell him"
"754","nurses and doctors  can t work from home teachers have that option i don t see anyone else complaining a"
"755","equipping employees to work from home has enabled organizations across the country to maintain operations througho"
"756","years of eating pret for lunch now due to covid i can work from home and never have to walk into on"
"757","again aps is much different from education i don"
"758","well guys i forgot there was maintenance tonight and by the time i get home from work i would only be able to do li"
"759","i hope tomorrow we have an office worker who has decided to work from home in their second home in the south of spain"
"760","has the kihno bearing dhl driver arrived yet    the suspense is killing me   i got the notif they arrived i m abou"
"761","do you struggle with allocating chores in your home find out how one mom went from the typical sticker chart to a method that"
"762","flowing out from your every pore and texted jimin   i have news you sent and waited for him to answer   what kind"
"763","i m still bothered by the time my friend s roommate came home from work and said he needs the tv because a new fantano video dropped"
"764","work from home"
"765","this is being pushed back to est because aster needs time to get home from work"
"766","seems most people arguing masks work pro lockdowns closed schools are elite professionals who have been happily wor"
"767","yes not zoom but the platform we use for work x and no i haven t found a good solution fro"
"768","when you re working from home it can be tough to find purpose in your role   try these tips to gain meaning from"
"769","im omw home from work yall better not be up to mischief gt"
"770","i like when i get to work from home so i can make casual blueberry muffins in the middle of the day"
"771","planning for the new year natural gas is an affordable way to heat your home and water we work with energy trust"
"772","finally home and relaxing went to the store after work bc i forgot some stuff from friday then went back to the of"
"773","they would never let folks work from home either for a completely web based company the only thing that pleases"
